id,street,status,price,bedrooms,bathrooms,sq_ft,lat,lng
0,545 2nd Pl,pending,299727,4,1,1608,33.36944420834164,-112.11971469843907
1,320 Blake St,active,123081,5,3,3125,33.476759305937215,-112.11512153436901
2,740 2nd Pl,pending,172219,5,2,1208,33.468811357715914,-112.22879647183072
3,533 8th Rd,pending,277683,5,2,1431,33.58858496101036,-112.08779982484374
4,557 4th Cir,sold,284196,4,2,3173,33.51415333566995,-112.28351948295969
5,466 8th Dv,sold,115253,5,2,2890,33.45057358654926,-112.09392248468063
6,195 2nd Cir,pending,269910,5,2,2804,33.52960566586986,-111.8783296742273
7,408 3rd Trl,pending,224414,3,1,1804,33.443788196697795,-112.02941859772629
8,352 Walnut Vis,pending,176905,4,1,3369,33.48377238169285,-112.20770405529346
9,366 Mission Trl,active,116829,5,3,3307,33.41034888697366,-112.06336333386758
10,139 Turk Blvd,sold,255304,3,3,3509,33.47119802768573,-112.17328842999721
11,463 Walnut St,pending,201903,2,2,2098,33.40731153478695,-112.32950843209106
12,429 Euclid Vis,active,201432,4,3,2721,33.459486949913206,-112.35058758429564
13,494 8th Cir,active,237154,2,1,2814,33.48482514956555,-111.96987061630286
14,565 5th Blvd,active,188333,2,1,1030,33.59124015653342,-112.01494486926886
15,394 5th Way,active,158236,2,3,3065,33.43759943971985,-112.04353489624279
16,45 California St,active,289702,5,3,3718,33.38616655054577,-112.04009058870642
17,509 9th Ave,sold,296497,5,2,3063,33.49427813691749,-112.09066670042108
18,103 Turk Wl,active,153987,3,3,2725,33.41880266697439,-112.25349122238964
19,389 2nd Dv,sold,181554,2,2,2279,33.45170447351804,-112.20395000768927
20,142 Bush Vis,active,197597,3,3,1270,33.41578332484294,-112.01808635567563
21,425 9th Ave,active,264962,2,2,1847,33.469116723763584,-112.2205271589707
22,648 Mission Way,sold,130570,4,2,2755,33.37087309874188,-112.18205134839822
23,551 California Trl,pending,136695,3,1,2359,33.47342671624346,-111.96533280027586
24,249 Post Cir,active,208519,5,1,1518,33.371028700587715,-112.12292018900993
25,419 Euclid Pl,pending,262785,4,3,2061,33.564810114083066,-112.14535780343489
26,654 6th Pl,pending,278803,5,2,2324,33.46515650231261,-112.32660010859779
27,727 6th Rd,pending,198164,2,1,2140,33.46125924334236,-111.99227138135457
28,195 7th Pl,active,128686,4,2,1255,33.54762207323221,-112.12790392160345
29,162 Pine Blvd,pending,274519,2,1,3989,33.53585597110464,-112.1606078101019
30,137 9th Cir,active,298793,3,3,2153,33.386973080647095,-112.26144872033505
31,799 Indiana Way,active,214294,2,3,3556,33.49057748212687,-112.052212989071
32,242 Texas Dv,sold,282527,2,1,2498,33.443881609334085,-112.33632003266658
33,493 9th Dv,pending,100438,3,3,1126,33.57287288962355,-112.27670963137153
34,752 Pine Ave,sold,202311,3,1,1532,33.370888802344076,-112.03911067248673
35,563 Mission Rd,active,197753,4,2,2143,33.373430091792024,-111.94487936532975
36,773 8th Dv,active,105572,3,1,3496,33.50791746639353,-112.21179192179463
37,742 6th Dv,pending,201973,5,2,3403,33.42508751484598,-112.25230958527669
38,529 Mission Rd,pending,255457,3,2,1398,33.45704541447019,-112.1345816532899
39,476 California Blvd,sold,292950,5,2,1986,33.42909423330648,-111.97002484376497
40,236 Mission Vis,sold,287081,4,1,3154,33.383826613450005,-111.96767425929926
41,641 Pine Dv,sold,164764,4,2,2667,33.418355310959406,-111.98363148643092
42,598 8th Rd,pending,151319,5,2,1509,33.46983455485657,-112.06623785177796
43,32 5th Trl,sold,293280,4,1,3382,33.57153722397905,-112.18975292851377
44,138 Bush Way,sold,141253,4,3,2954,33.589705820675356,-112.03007440345048
45,68 Pine Dv,sold,120846,4,3,3957,33.38482922163033,-112.08350912393826
46,714 4th Vis,pending,279179,3,1,2809,33.38250802442216,-112.31240592024425
47,535 6th Ave,pending,220266,4,2,3590,33.49618468924842,-112.24219285282602
48,468 2nd Way,sold,290705,2,3,1927,33.36850739648847,-112.30519382289685
49,420 9th Ave,pending,219721,2,1,2581,33.460294666414825,-112.09003902196262
50,749 Turk Vis,sold,253931,2,3,1324,33.551792724992715,-111.89739598235138
51,715 Texas St,active,246227,3,3,2910,33.571251754681036,-112.20256580126618
52,405 6th Vis,pending,214894,2,3,3039,33.529413643227,-112.32112508013925
53,175 8th Pl,pending,259600,2,3,3632,33.547676958239826,-111.99841228497971
54,748 Mission Blvd,active,298927,3,3,3570,33.57782589231393,-112.31087664738854
55,187 Wall Wl,active,121049,3,1,3920,33.52101593025562,-111.88239682648249
56,309 1st Dv,active,285658,5,1,2796,33.382576035009755,-112.02032910058062
57,453 Post Blvd,pending,158419,2,3,2452,33.41929362665776,-111.92253931997156
58,343 Texas Trl,active,126048,5,3,3346,33.52238502873215,-112.10904720310987
59,552 Sutter Ave,active,165286,5,3,1351,33.52421017463468,-112.13510895927844
60,346 Geary Vis,sold,209676,2,1,1436,33.47754227209244,-112.24213571936954
61,302 Geary Dv,active,154622,3,3,3387,33.56620529768426,-111.96361112493373
62,331 Euclid Cir,sold,211172,5,3,2835,33.54703013867616,-111.97814282013127
63,365 Indiana Way,active,104488,5,2,1061,33.462273254270244,-112.18983640645904
64,538 Turk Way,active,222301,4,2,1793,33.46263600562073,-112.068454723946
65,633 Blake Trl,sold,133379,4,3,2557,33.38317418578481,-112.3098516872091
66,16 7th Ave,sold,109985,4,3,3276,33.501804783223434,-112.12312349538185
67,674 Sutter St,pending,106264,4,3,1157,33.54753896423956,-112.0831043460943
68,223 5th St,active,275961,2,1,1374,33.40146743638561,-112.32454080585491
69,79 1st Way,sold,202974,3,1,3996,33.528741864332524,-111.92793289867113
70,271 4th Vis,active,106878,4,3,3491,33.405236993271295,-112.16391828284604
71,491 Euclid Pl,sold,225123,5,3,2976,33.48976481559924,-111.95946729329809
72,733 Euclid Trl,pending,250526,5,2,1091,33.57402637778264,-112.32482670499935
73,313 6th Dv,sold,250005,5,3,2928,33.5597185460335,-112.17004368995846
74,453 California Trl,pending,157379,5,1,2723,33.363650361521564,-111.89667996274163
75,367 Wall Dv,sold,261112,3,2,3655,33.509940498425586,-111.99372779460816
76,412 Sutter Way,sold,282987,2,3,1233,33.423599730751704,-111.98982656120802
77,333 7th Ave,sold,240863,4,1,3461,33.57847653323979,-112.24205585809227
78,118 Pine Cir,pending,197138,3,3,3255,33.41228310818245,-112.29421198820391
79,352 Bush Vis,active,167658,5,2,2137,33.46009906370526,-112.08598174037968
80,627 Blake Wl,sold,298429,3,3,3901,33.50191198047481,-111.8733694007877
81,660 Indiana Pl,sold,140130,3,2,1377,33.569875464018466,-112.32475096257262
82,45 Bush Blvd,sold,134823,2,1,3320,33.44003189822472,-112.25077198852864
83,391 Euclid Dv,sold,226564,4,1,3354,33.567160784273945,-112.07358137143181
84,98 5th Vis,sold,171040,2,3,3742,33.4333184872494,-112.1149401007108
85,566 Walnut Ave,pending,157020,2,2,3145,33.568740034923174,-112.15817982971032
86,691 Bush Rd,active,281062,4,2,2839,33.3649009026873,-111.95300553086891
87,527 Geary Dv,pending,164593,5,3,3027,33.587363471170256,-111.91464117247921
88,91 1st Vis,pending,155682,5,3,1939,33.59118622842411,-111.89595317899719
89,477 3rd Ave,pending,165602,3,1,3879,33.4965055417836,-112.23566709730581
90,509 Euclid Rd,active,143501,2,3,2839,33.3743186369593,-111.99715471132527
91,160 8th Rd,pending,190868,5,3,1753,33.44810528924741,-112.36032829675315
92,197 4th Dv,sold,160381,5,1,2834,33.58009107882244,-112.16800064644288
93,190 5th Blvd,pending,123523,3,3,3014,33.37276846309385,-111.92239585993708
94,533 9th Blvd,sold,145814,2,3,2840,33.38259673764261,-112.35742053236234
95,221 Sutter St,pending,176241,4,1,2491,33.560887991087284,-112.32761896585072
96,431 Euclid Vis,pending,123776,4,2,3794,33.37794479276197,-111.8766961107951
97,697 Post Blvd,pending,134839,3,1,3694,33.58659065161349,-112.00009456924937
98,159 1st Blvd,active,129860,5,2,2077,33.4182571717138,-112.35013884817516
99,537 1st Vis,active,255446,3,2,2955,33.402534381507024,-111.93539537603182
100,498 Wall Rd,sold,236091,4,3,1096,33.48253351222649,-112.28925442166484
101,193 Post Trl,active,115507,2,2,2704,33.36746587772052,-111.88097197407272
102,507 California Dv,sold,117966,5,2,1538,33.37937732157538,-112.20146714387342
103,336 Euclid Rd,pending,182657,4,3,2762,33.42068401012969,-111.89587588779888
104,658 Wall Cir,pending,189606,5,1,3482,33.55955190494215,-111.94171829450418
105,394 7th Blvd,sold,111413,4,2,2556,33.51706233971125,-111.9705569143539
106,262 Bush Blvd,active,245249,4,1,2215,33.520056250689784,-112.1012758541299
107,150 Blake Trl,active,142004,5,1,3435,33.47463545561314,-112.04316854363164
108,766 Page Wl,sold,152609,5,3,1734,33.51527161002423,-112.0279171380196
109,88 1st Ave,active,136199,2,1,2772,33.528620693498034,-111.95896340231195
110,678 Walnut St,pending,113804,2,1,3085,33.50661158016927,-112.28953715461653
111,356 9th Ave,sold,124761,2,2,3422,33.37885708965532,-112.20155178193893
112,640 Geary Blvd,pending,147754,4,2,3842,33.48737108611903,-112.06192401145985
113,329 Walnut Trl,pending,149247,5,2,2455,33.41799751568517,-112.11573398029493
114,747 Indiana Dv,pending,112579,5,2,3858,33.48181840733612,-112.09421788007649
115,308 Mission Rd,sold,133095,4,3,2810,33.41014383608652,-111.91310093477894
116,227 8th Wl,pending,200878,4,2,2520,33.45041044410267,-111.90358795604246
117,279 Wall Wl,active,159411,3,2,3299,33.37614238936993,-112.24573276498447
118,301 Post Cir,pending,107737,4,3,3898,33.48361793200452,-111.88435967506584
119,247 Geary Cir,sold,226018,5,1,2153,33.37404828179067,-112.13799595668145
120,156 Wall Trl,sold,121252,4,2,2846,33.573894842824586,-112.29603055801404
121,381 Euclid Rd,active,130393,3,2,1986,33.463281666507264,-112.10740579030913
122,72 Franklin Cir,sold,130404,3,2,3156,33.475930817136145,-112.06912170353739
123,59 8th Cir,pending,211737,2,1,2568,33.36365615920334,-112.33384650497304
124,627 Post Blvd,active,170895,5,1,2686,33.48800490728401,-112.13609362879991
125,415 Texas Ave,sold,188369,5,3,2616,33.523800510208815,-111.877884014521
126,520 Franklin Blvd,pending,255437,3,2,1990,33.36577176659934,-111.9834003164953
127,568 1st Pl,sold,184126,3,2,2970,33.36992246367232,-111.98494718705342
128,440 1st Vis,active,273860,5,2,1237,33.45376532190899,-112.03604238560366
129,344 California Wl,sold,161779,2,2,3418,33.49078497191431,-112.01870360190377
130,573 2nd Trl,sold,201939,3,3,1643,33.47151565589133,-112.11782139346313
131,116 Geary Ave,active,217635,5,1,3343,33.41810420984088,-111.92604341823574
132,282 1st Vis,active,205733,5,1,2309,33.51458366476448,-112.1271040258922
133,68 4th Vis,pending,154606,4,2,2974,33.482845568086724,-112.04337602072691
134,20 Geary Dv,active,103164,5,1,3882,33.517481355043735,-111.90424458393372
135,535 Mission Ave,sold,287122,4,1,1355,33.537049477650065,-112.34202104485273
136,792 3rd St,sold,111213,4,1,3890,33.53707462754815,-112.35803932451006
137,645 Wall St,sold,239447,4,2,3466,33.55606413062155,-112.2519819947554
138,772 Bush Pl,pending,273207,2,2,2708,33.58840602818021,-112.26683175435419
139,32 Texas Vis,sold,201423,5,2,1987,33.490775545801114,-111.92981696436468
140,490 Post Blvd,pending,158228,3,3,2943,33.57572869935149,-112.31013225311041
141,795 8th St,pending,197944,4,3,1042,33.42778883324278,-112.29579675884186
142,387 Sutter Wl,pending,227560,5,3,2943,33.548252672656965,-111.98457169226143
143,23 4th Rd,sold,193870,2,2,2456,33.510505584170495,-112.33876595349678
144,435 Sutter Vis,active,138683,3,2,1540,33.41560501874194,-111.93861655323056
145,756 3rd St,pending,190809,3,2,2610,33.5580936044525,-112.14195145161287
146,87 9th Way,pending,240698,4,1,1808,33.57961230010825,-112.03182412593071
147,278 5th Vis,pending,261738,3,1,1613,33.433480114252724,-112.1409855587276
148,516 Sutter Blvd,sold,263527,2,1,2772,33.43255622936882,-112.0904431762334
149,287 9th Rd,pending,209731,4,1,3581,33.50145690282034,-112.05213990364976
150,599 Wall Vis,active,225617,4,2,1828,33.434820231599616,-112.28759400029503
151,791 Mission Blvd,sold,100870,3,3,3520,33.574385791274985,-112.19691857693749
152,330 Texas Pl,sold,112173,5,2,2948,33.419644351682784,-111.96056415137198
153,489 Franklin Vis,pending,153772,4,2,3154,33.420291091079456,-111.9692566198797
154,477 2nd Vis,active,202191,5,2,1228,33.51269632365627,-112.24183971682861
155,324 6th Way,pending,133146,3,2,2740,33.46066440408648,-111.87297672167787
156,518 Franklin Vis,pending,120532,4,1,3910,33.49697585878341,-112.30393200989954
157,729 Sutter Dv,sold,297369,3,3,3290,33.46977777268353,-111.89024225914038
158,546 Texas St,sold,131573,3,3,2322,33.47747453499323,-112.27517876113762
159,301 Pine Rd,active,167529,5,1,2051,33.56644181154452,-111.95578545202788
160,473 Page Blvd,active,214632,2,2,2772,33.382343577216155,-112.20908026490662
161,720 Blake Blvd,sold,219028,2,1,2260,33.46102199991377,-112.14759548401922
162,228 Blake Way,active,288598,3,1,2743,33.59059989450352,-112.18414536614861
163,219 6th Rd,active,111873,3,2,1016,33.42445405494569,-112.29714856714858
164,520 Walnut Blvd,active,297787,3,1,3836,33.44267643804656,-111.89083457680447
165,610 Wall Vis,pending,292647,2,2,1139,33.440889617781615,-112.1836039788962
166,367 8th Pl,pending,285610,4,2,2348,33.41164254193085,-111.88474017800223
167,345 Wall Blvd,pending,168475,4,3,3958,33.52862948222652,-112.01859786647938
168,686 Sutter Rd,active,241985,4,3,2491,33.46636798442578,-112.25251004738963
169,316 Pine Trl,sold,226777,2,2,3618,33.55024324017842,-111.92640177586388
170,20 Sutter Way,pending,173900,2,2,3573,33.442076639422666,-112.12051553345583
171,97 4th Trl,sold,177554,4,3,3606,33.386960874023096,-112.06980549765285
172,612 Franklin Ave,pending,164113,4,1,1637,33.36675911505812,-112.22890982137966
173,479 5th St,active,194164,4,1,1947,33.4538432369455,-112.04892662119609
174,140 4th Pl,active,251858,2,2,3258,33.430487801638805,-112.1812349961168
175,310 Euclid Wl,active,108681,5,2,1374,33.53997403605915,-112.11153927157423
176,697 Page Pl,pending,274550,2,3,1331,33.57878191861525,-112.07938029344146
177,111 Walnut Vis,active,111979,2,3,3370,33.54599056001011,-111.89366960562293
178,482 Franklin Rd,sold,253193,3,3,1485,33.466340634735324,-112.26410592039224
179,713 Indiana Cir,active,267604,5,3,1279,33.45055972397044,-111.9390275575888
180,757 Page St,sold,255224,2,3,3654,33.559950874604304,-112.30193728724961
181,362 6th Wl,active,215108,3,3,2293,33.47928068998293,-112.05086490043028
182,656 Wall Rd,active,272180,2,2,2100,33.56346985398405,-112.33549320994844
183,557 Indiana Blvd,active,124217,4,3,3108,33.428878985507026,-112.07577739388002
184,689 9th Ave,sold,252891,2,1,1737,33.415101153363985,-112.15815774667158
185,299 Post Trl,active,128866,2,1,3070,33.48859359453036,-112.3343771437957
186,722 Geary Wl,pending,105376,2,2,3504,33.484630585300316,-112.00350437164943
187,657 California Way,pending,266078,3,1,3867,33.539625921578086,-112.100678769851
188,542 Page Vis,sold,260550,2,3,3296,33.43274987820158,-112.2355887633564
189,518 1st Vis,pending,128241,4,2,3860,33.44543206934028,-112.25761868140413
190,78 Walnut Trl,active,297135,5,1,1531,33.41377657270383,-112.23471077215397
191,419 Wall Ave,active,200806,3,1,1433,33.50894879516873,-112.30172846543897
192,622 Franklin Trl,active,249789,2,2,3805,33.38748382930412,-111.99493200075753
193,706 Indiana Cir,active,108343,4,3,1981,33.459024096061064,-111.88019215803442
194,550 8th Trl,active,177067,4,1,2575,33.43562397428385,-112.04921531291303
195,666 1st Blvd,active,271252,5,1,1585,33.47893352279746,-112.12185793336877
196,283 Bush Dv,pending,292556,3,2,3401,33.50627320316949,-112.26296601433152
197,751 Post Blvd,sold,171197,5,3,3072,33.52978402960125,-112.20491362943737
198,24 Franklin Cir,pending,161177,4,1,3100,33.37658125698534,-112.1139911303581
199,538 Wall Trl,pending,214099,2,1,1599,33.56713478925847,-112.34512273126961
200,332 Sutter Ave,sold,215619,5,2,3464,33.36526649494705,-112.31641963201096
201,798 Bush Wl,active,244235,3,1,2293,33.386317059016484,-112.31806525921156
202,764 Euclid Ave,pending,111423,4,2,2999,33.379911881385794,-111.9078710582076
203,222 Pine Way,pending,149793,5,3,2811,33.488920103185116,-112.16002864582683
204,607 Pine Pl,sold,133128,3,2,1467,33.42493601214617,-111.88030022205047
205,513 Indiana Ave,sold,238709,2,3,2000,33.39215710758758,-112.23947389860398
206,715 Post Blvd,active,279288,5,2,1459,33.56395852809573,-112.27203178374474
207,246 1st Ave,active,160302,4,3,1666,33.38024516888073,-111.94196606370737
208,759 Pine Cir,active,280464,3,1,1961,33.578448301050294,-112.1644924259169
209,50 Bush Way,active,199318,4,2,3618,33.376375068399355,-112.0599660358773
210,634 Pine Pl,active,121187,2,3,3433,33.47936489837513,-112.25150220438279
211,663 Mission Rd,sold,282671,5,2,1876,33.44911902939165,-112.0806645738974
212,616 9th Cir,sold,131863,4,2,3516,33.40004823070813,-112.2031743097054
213,217 Franklin Way,active,242900,5,2,2046,33.44999205650158,-112.28288821552344
214,243 Bush Pl,sold,101303,4,2,1803,33.466935971847356,-112.0866449854091
215,280 Turk Blvd,pending,243946,3,1,1815,33.542507244225675,-112.12041125740902
216,366 7th Rd,active,143236,5,2,1584,33.56698378128916,-112.0212507273447
217,638 6th Wl,active,205646,3,1,2955,33.37714520911194,-112.31400923191741
218,525 Bush Pl,pending,100409,4,2,2651,33.54349059584859,-112.2158173056098
219,423 3rd Way,active,210611,5,3,3446,33.44778962089745,-112.07728642611474
220,386 9th Vis,pending,131931,4,2,1244,33.51065789575155,-112.23217737595472
221,772 Euclid Vis,pending,217261,2,2,2663,33.38183987799212,-112.32210496091452
222,222 6th Blvd,pending,267285,5,1,1626,33.445489465825396,-112.05868969162411
223,449 Page Pl,sold,183723,3,1,1652,33.57915428630414,-112.25488777729257
224,798 4th Rd,active,153551,5,2,2900,33.372133607622374,-112.00182354008881
225,317 6th Way,active,263883,3,2,3216,33.54257627726829,-112.2150887961103
226,586 1st St,active,183648,2,1,2397,33.39184922942582,-112.10724989654312
227,446 Wall Vis,active,174339,3,2,2407,33.508812622618265,-112.26220604813788
228,446 7th Dv,active,145341,2,2,3058,33.386157423033374,-112.15017954309609
229,237 Franklin Blvd,sold,162975,5,2,1273,33.41249252511176,-111.88506761796238
230,452 Wall Way,active,218974,2,3,1931,33.534413176928574,-112.1652629614843
231,203 6th Cir,pending,185442,2,1,3793,33.49823558047752,-112.06198189953824
232,13 6th Cir,pending,265834,4,2,1459,33.50227646990704,-112.14457770435126
233,753 7th Ave,sold,106052,5,1,3340,33.48494912707849,-112.1934111492806
234,719 Mission Ave,sold,239290,5,1,3698,33.47187089025979,-112.09590472991911
235,678 Page Cir,active,173783,3,3,1530,33.45757586390791,-112.22777728548665
236,533 8th Trl,pending,271405,2,3,1395,33.58940118188282,-112.05005769660292
237,204 Bush Ave,active,285586,4,2,1005,33.48678575741483,-112.20211403567089
238,569 Texas Wl,active,113396,3,2,3434,33.46676720270373,-112.15348404063388
239,207 Sutter Trl,sold,237667,2,1,2397,33.42899501075644,-111.90014025723497
240,219 Sutter Blvd,pending,233364,5,1,3417,33.56950084476811,-111.94872544884059
241,602 Texas Way,sold,204942,5,2,1205,33.36503966172252,-112.05631467176428
242,332 6th Pl,sold,108827,4,1,2030,33.40301729829751,-111.95468885733888
243,91 2nd Pl,sold,273984,4,2,2497,33.52410572176415,-112.01898164332518
244,50 6th Cir,pending,157030,3,3,1363,33.50064199740066,-112.29559588400602
245,507 1st Blvd,active,210091,4,3,2140,33.519861153591116,-112.3102662607755
246,735 2nd Ave,pending,156832,5,3,1507,33.46205268291857,-112.0089779849797
247,534 Geary Blvd,pending,209458,4,1,2427,33.409268279997946,-112.34229615578431
248,97 Geary Rd,sold,284116,5,3,3412,33.58478573933386,-112.14031399874746
249,399 5th Pl,pending,286411,4,2,1198,33.482562235397886,-111.90905539657116
250,657 5th Vis,pending,197464,2,1,3069,33.43680670228957,-112.13269672340661
251,630 Wall Vis,active,295283,4,3,2426,33.50142954562574,-112.03995346942358
252,22 Page Ave,active,204487,4,1,1883,33.45706699945053,-112.27963303156535
253,567 Indiana Cir,active,103498,5,3,3338,33.537569625645375,-112.2887010397088
254,104 2nd Ave,pending,144675,3,1,1374,33.40519305742372,-112.35084350499167
255,336 Texas Trl,active,173196,4,1,1794,33.561658604602734,-112.34139083119805
256,494 Turk Dv,pending,285035,5,1,3295,33.426654790846534,-112.12845512237955
257,389 Walnut Ave,active,140008,5,2,1977,33.42448128404043,-111.9579687937674
258,183 Sutter Pl,pending,104631,3,1,2155,33.43744756525803,-112.31714528424938
259,573 5th Blvd,active,152367,5,3,2895,33.41691356943073,-111.9163157046982
260,497 Turk Ave,pending,269121,2,2,2898,33.367784494830694,-112.29658930612244
261,663 Euclid Rd,active,209111,2,2,1522,33.481230447011036,-112.04994946365633
262,699 2nd Dv,active,293866,2,2,3371,33.574218738605836,-112.21958305762197
263,266 Post Ave,pending,159048,4,3,3350,33.57947484893035,-112.02115883371386
264,650 2nd Pl,sold,144257,2,1,3661,33.546401288609765,-112.07847437617352
265,110 Euclid St,active,183073,4,2,3568,33.45034413211934,-112.05219356935642
266,145 Texas St,sold,246428,4,3,1700,33.371713293772636,-112.02642993474306
267,252 Mission St,active,236465,2,3,2547,33.46214763124526,-112.22072058804856
268,666 Post Trl,sold,127439,5,2,1894,33.414883785919685,-112.33072871123451
269,731 Page Blvd,pending,278154,3,1,3807,33.46172236128779,-112.29942082172288
270,281 Geary Vis,active,249791,3,3,2140,33.37480506905482,-112.09897964218483
271,391 Wall Wl,pending,233199,4,3,2815,33.403011461630015,-111.88263609614916
272,623 Blake St,active,160855,3,3,2306,33.502755949958214,-112.24560935141682
273,652 Texas Way,pending,136981,3,3,1715,33.59133573242206,-112.05203854431872
274,746 Texas St,pending,209883,3,3,3062,33.5832387780422,-112.12652750211146
275,21 Bush Way,pending,209467,4,1,1398,33.50256635242875,-112.05567912895262
276,561 Blake Way,active,111414,2,3,2717,33.542950580315406,-112.0963025444298
277,667 9th Ave,sold,147888,2,2,2390,33.42898248366304,-111.92948300450351
278,460 Page Vis,sold,119294,5,3,3047,33.44746617388175,-112.05321027745639
279,359 California Dv,sold,272462,4,2,3400,33.51698415676291,-112.15973514706627
280,15 4th Wl,active,264710,4,2,2837,33.425657014274094,-112.09932715598315
281,482 9th Vis,active,233439,5,3,3712,33.4922844138567,-112.0150669079899
282,150 Wall Trl,sold,232274,5,3,2010,33.370860490290944,-112.11570616545605
283,570 Walnut Ave,sold,180322,4,1,3888,33.51038017915801,-112.01101582395638
284,371 8th Wl,active,143505,4,1,1831,33.51659668498107,-111.89455074190528
285,238 3rd Way,sold,184775,3,3,2158,33.43702861887338,-112.06488167767797
286,34 Page Wl,pending,122141,5,1,2314,33.558827302163174,-112.14609802468142
287,358 2nd Rd,sold,112542,2,3,1500,33.440181773080425,-112.14984582295659
288,514 Texas Wl,active,231606,3,3,1935,33.556382171507,-112.11517458964093
289,50 4th Pl,active,188966,5,1,3037,33.567471437248855,-111.95188918478027
290,427 5th St,active,159290,2,1,1268,33.440358425509146,-111.95795175593724
291,205 Euclid Rd,active,292356,4,2,3197,33.52868190332966,-112.29588575136414
292,254 5th Pl,pending,201822,4,2,3447,33.43740475074295,-112.25474590961451
293,149 Sutter St,active,231912,3,3,2072,33.418123158608275,-112.34735990353741
294,87 Bush Vis,active,205265,4,2,1681,33.447689410574554,-112.23797443066013
295,167 Post Pl,active,101951,4,2,2005,33.460550384070416,-112.34245227299769
296,44 4th Trl,sold,240590,5,1,1247,33.3893738163108,-112.21791773297376
297,293 Texas Dv,pending,258321,5,1,2127,33.56625103330458,-112.28680151068882
298,727 4th Way,active,288421,2,1,1146,33.54099430394098,-112.05600817648555
299,525 California Trl,sold,164375,4,3,3092,33.41556973241617,-111.98805542872498
300,633 Page Pl,sold,208981,5,3,3347,33.56830409389977,-112.16468482980135
301,419 Blake Wl,active,208397,2,1,1412,33.57455058000248,-112.02928194926294
302,593 Wall Blvd,sold,160509,5,2,3891,33.46415518123616,-112.09066343537329
303,36 Indiana Cir,pending,147463,5,2,3163,33.58682967242524,-112.15956534513879
304,773 California Vis,pending,210516,5,2,2693,33.44385431261027,-112.02355818696766
305,316 Bush St,active,216763,3,1,1705,33.384221277571825,-112.00627507073905
306,391 Blake St,pending,241210,2,3,2296,33.44657441126927,-112.04899871298915
307,261 Sutter Dv,active,293446,4,3,2176,33.43574585767454,-112.04374168953814
308,36 Walnut St,sold,192871,3,2,1353,33.37889222162043,-112.02505548204836
309,407 3rd St,pending,255740,2,1,2626,33.427854703990256,-111.96635593929516
310,734 Turk Cir,sold,147316,5,1,3025,33.57338897103269,-112.07596758093369
311,302 3rd Wl,pending,193756,3,2,3186,33.50836149457759,-111.9344677545274
312,79 Pine Wl,sold,151451,4,2,2180,33.50746622367356,-112.2119673593467
313,229 Blake Pl,pending,253031,2,3,3991,33.496646039517735,-112.28829704427234
314,436 Bush St,sold,165128,2,3,3394,33.426096751899486,-112.3064152579952
315,135 2nd Rd,sold,121542,4,1,2931,33.44055057537883,-111.94648921836036
316,630 Franklin Way,active,168984,3,1,1465,33.46686416377319,-111.90955254043465
317,78 Post Trl,sold,272628,2,2,1800,33.575927829443906,-111.99437905501605
318,657 5th St,pending,244598,3,1,3552,33.37210440758022,-111.90373347705423
319,386 Wall Way,active,245399,3,1,3618,33.39254011088715,-111.89179820191897
320,160 9th Trl,sold,284771,5,3,1352,33.53830511755634,-111.88169501723529
321,211 Blake St,sold,274430,2,3,2174,33.58656008596533,-112.23535686429575
322,593 Blake Pl,sold,144033,5,1,3272,33.47550995234324,-112.1393403165656
323,782 California Way,active,272088,5,1,1201,33.452242321420215,-112.34748739111191
324,228 Pine Dv,sold,273222,5,3,1877,33.549660955511946,-112.24442328998715
325,59 California Trl,pending,151029,5,3,2847,33.54724672918558,-112.07051359820461
326,129 Page Pl,sold,244207,3,1,3869,33.542974699210454,-112.26037536445675
327,726 Geary Cir,active,107871,5,3,2395,33.53176024789379,-112.12436477477628
328,191 1st Vis,pending,145570,4,3,2500,33.40918332150916,-112.10678788043819
329,387 Franklin Cir,pending,166045,4,2,1869,33.52049030262132,-112.1575029756259
330,87 Walnut Ave,sold,299308,5,2,1564,33.5829004257756,-112.36114900062319
331,761 9th Rd,pending,144337,3,1,3826,33.452614632282966,-112.2505045734234
332,35 Texas Pl,active,280899,2,2,3724,33.439992027790396,-112.11740160703839
333,639 7th Cir,pending,210000,2,3,3275,33.565945655230614,-112.36077224376216
334,725 1st Vis,sold,203508,3,1,2881,33.46728436765864,-112.1432708624775
335,784 Post Wl,pending,135108,5,1,3372,33.52542532956684,-111.89320401529005
336,704 1st Trl,pending,213663,3,2,3116,33.574411503940404,-112.0868256129393
337,80 1st Way,active,283112,2,3,2141,33.551052809272036,-111.92009746114307
338,527 Post Pl,pending,282536,2,2,1844,33.37178094299874,-112.18201072386856
339,382 Page Trl,sold,270923,4,3,1813,33.572863616717044,-112.2961656515343
340,177 5th Pl,pending,276520,5,2,2465,33.44964419992161,-112.08275229960019
341,573 3rd Pl,sold,119662,3,3,3558,33.41894996350641,-112.21401495641994
342,723 9th Blvd,pending,229386,5,2,3709,33.42090026094013,-112.33420402730275
343,305 Post Vis,sold,282913,2,2,3482,33.42737071631248,-112.34817108924332
344,753 Geary Cir,active,245355,4,3,3067,33.375664567869904,-112.35312337657736
345,403 Euclid Ave,pending,284286,3,2,2240,33.53031101426947,-112.1209550891571
346,599 Sutter Trl,active,238392,3,3,1275,33.4343235031919,-112.32763140025511
347,390 Geary Rd,active,184195,4,2,3542,33.373083702743564,-111.89093251169022
348,15 1st Trl,pending,127633,2,1,2639,33.36401037888059,-112.0698040390825
349,607 3rd Wl,pending,248874,4,3,1050,33.48960808605747,-112.18241243305584
350,179 2nd Cir,pending,232129,4,1,1165,33.50262506801663,-112.32706233769252
351,185 4th Way,pending,276532,5,3,1159,33.44273642064719,-111.93558304286562
352,519 Turk Rd,sold,144998,3,1,2403,33.5889557518907,-112.1173780896577
353,230 Bush Blvd,active,146371,5,2,3116,33.43975486284611,-112.00687564948542
354,436 4th Way,sold,163661,3,1,2944,33.47385749748755,-112.0665044914026
355,779 2nd Pl,sold,291381,2,1,1513,33.47171918040161,-112.18773561497615
356,28 4th Pl,sold,264943,4,1,2922,33.41733445535185,-111.95778078394665
357,33 9th Wl,active,150190,3,2,2717,33.38527954696087,-111.90312054522217
358,697 Post Blvd,pending,196024,2,2,1702,33.51642483993925,-111.89933103795512
359,771 Post Rd,sold,297214,4,3,2255,33.432688477614676,-112.03189165208751
360,519 7th Pl,active,272258,2,1,2178,33.569808349304836,-112.10556656599067
361,519 Walnut Pl,active,278533,3,3,1745,33.55419186773941,-112.09837620007544
362,383 1st Dv,sold,124587,2,2,1537,33.42821765004223,-112.14798812857661
363,152 Geary Vis,sold,248617,3,3,1261,33.48505832814088,-112.20196802807118
364,36 Turk Ave,sold,280765,2,2,2616,33.37622644861727,-111.92091867932055
365,123 Page Cir,pending,212937,2,1,3010,33.544893491476365,-112.15620625621655
366,133 9th Wl,pending,296395,3,3,3128,33.53152922933704,-112.03808629657111
367,153 1st Vis,pending,295971,2,3,1727,33.36953726345681,-111.8863068848743
368,573 1st Ave,pending,130051,4,2,2208,33.54008903315859,-112.02620236655709
369,256 1st Vis,active,130503,5,1,2362,33.55943475452374,-112.18589204533923
370,221 7th Way,pending,239986,2,2,3248,33.42928250106862,-111.96074091983317
371,239 4th Ave,sold,193951,4,2,1601,33.43552033727549,-112.35291962948219
372,464 Post Wl,active,113100,2,1,1586,33.51257048345414,-112.2759395960124
373,722 Page Way,active,159560,3,1,1078,33.542676304453636,-112.09809507518597
374,491 Pine Rd,active,281876,5,1,3943,33.500866171847015,-111.87776642298321
375,281 California Dv,pending,202739,3,2,3396,33.42019658337416,-111.91587241013107
376,224 5th Blvd,sold,259299,2,3,2802,33.54386223944647,-111.87874577672208
377,284 Walnut Vis,pending,148816,3,3,1677,33.5902970076507,-111.89606935676451
378,287 Walnut Pl,sold,201818,3,2,3452,33.54339143759114,-112.2277460628463
379,120 Wall Vis,active,234557,5,1,1194,33.36220856117597,-112.26231549462517
380,587 Walnut Dv,sold,165827,2,1,3475,33.479205562421505,-112.27435814976948
381,472 Geary Ave,sold,267079,5,1,1959,33.41839529560171,-112.15938275545777
382,208 Indiana Blvd,sold,206370,4,3,2481,33.542769053787254,-112.10452455515376
383,152 3rd Dv,active,258993,4,2,1270,33.39396073020794,-112.11815739844239
384,588 8th Trl,active,237341,5,3,1947,33.388145745750734,-111.96038359191351
385,396 Franklin Ave,pending,268186,5,1,1607,33.46118067895958,-111.99241076165427
386,517 Indiana Ave,sold,210064,2,1,1054,33.50533034969373,-111.951812317656
387,110 4th Dv,sold,186593,3,2,2860,33.52904530912041,-112.05860420790845
388,358 Page Cir,pending,152326,3,3,2508,33.554046580447,-111.99251733966787
389,459 Texas Dv,sold,100354,2,3,2894,33.557056208838546,-111.88879455374766
390,418 California Cir,active,130241,2,3,3636,33.566626293894736,-112.34532566003256
391,320 Post Trl,active,220583,3,3,2954,33.52189534063277,-112.02541672967732
392,609 9th Blvd,active,133220,2,3,2710,33.40577035031236,-112.15258804673218
393,549 Geary Ave,pending,135266,2,2,1898,33.5494351591102,-111.97591825373748
394,350 Pine Rd,sold,292537,2,3,2668,33.45394197500541,-112.30117946926195
395,572 Bush Ave,sold,237537,5,3,1161,33.5156262457484,-111.92717244754019
396,717 Sutter Way,sold,166497,2,2,2969,33.50624613361853,-112.03723794445345
397,339 9th Blvd,pending,247298,4,1,2523,33.43900183267986,-111.98708850326932
398,747 Walnut Pl,active,127271,5,2,1124,33.44281835387807,-112.33981224635333
399,476 3rd Cir,active,192412,5,3,1702,33.464842948233496,-112.19752279776323
400,83 4th Blvd,sold,298002,3,3,2585,33.53776252814341,-111.9512541153658
401,297 Pine Way,pending,106949,3,3,3876,33.36939628412447,-112.19739125339214
402,374 Walnut Blvd,sold,138029,5,3,2325,33.48050254341155,-112.01185097406011
403,297 8th Dv,pending,281715,3,2,1490,33.36195732083178,-112.16004701874556
404,760 Wall St,active,244208,3,2,3243,33.38056882739154,-112.00119771482909
405,366 Texas Pl,pending,274325,2,3,1174,33.57948417451565,-112.11912380473062
406,180 4th Pl,sold,230902,5,1,2705,33.47998923255024,-112.0949192377512
407,221 Mission Trl,pending,127586,4,2,3677,33.46407695586937,-111.93991657965586
408,744 Geary Trl,sold,235730,5,2,3246,33.52144770623183,-112.23328163994385
409,757 7th Trl,pending,227365,2,3,1999,33.49332713099829,-111.88598106802601
410,562 Post Blvd,active,272887,2,2,3787,33.579728999153154,-112.02053888288667
411,702 2nd Vis,sold,169522,2,1,1516,33.384338159353575,-112.12865100867793
412,642 3rd Dv,pending,290171,3,2,1490,33.40489523736416,-112.17487745729687
413,594 Franklin Ave,pending,114816,5,1,2041,33.560613034029664,-112.2117883740615
414,565 Geary Ave,pending,267921,2,2,3377,33.40783143687949,-112.06462830358066
415,454 7th Wl,pending,152318,5,3,3157,33.41830699215611,-112.10860615364638
416,546 Bush Cir,active,128420,2,3,2014,33.460064772118,-112.13662708772706
417,363 Walnut Trl,sold,119543,4,2,1311,33.4998217848516,-112.03484052982157
418,96 9th Pl,pending,227046,5,2,2432,33.423269129331075,-112.33084810886496
419,580 Geary Ave,pending,284629,3,2,1411,33.47552654557362,-112.36113311344825
420,326 California Ave,pending,170441,4,2,2140,33.373813303411985,-112.14350319427025
421,640 1st Cir,pending,196870,2,3,1797,33.47727265079954,-111.89965200278029
422,47 6th Trl,pending,133824,4,3,1773,33.36402900079702,-112.34075178815056
423,56 Texas Ave,pending,119171,4,1,2071,33.533807524414016,-112.24580754795217
424,198 Walnut Dv,pending,222353,3,1,2500,33.40628400005232,-112.192897806781
425,697 Mission Trl,sold,199334,3,1,1063,33.51415843951641,-112.12086912113968
426,296 Indiana Blvd,active,267430,5,1,3285,33.5892939722513,-112.29078991443404
427,461 8th Vis,sold,258252,4,2,2176,33.58324908615778,-111.89813208313213
428,48 Texas Cir,pending,139405,4,2,2575,33.509294304355784,-112.29766715916294
429,128 Page Cir,active,175816,3,2,3474,33.458345218134234,-112.00433255057773
430,619 Page Rd,sold,173618,5,2,3280,33.56087676583622,-112.20826581619741
431,407 Mission Ave,pending,154748,2,3,2691,33.46401979862986,-112.03809698809569
432,221 3rd Trl,sold,247723,3,2,2942,33.40204784722487,-112.01349457536867
433,161 Post Wl,active,174799,5,2,2070,33.39196963027523,-112.03697443050581
434,522 Blake Blvd,active,291552,3,2,2863,33.47505219170682,-112.14816509913643
435,635 Euclid Blvd,sold,288071,2,1,1454,33.441456065926694,-112.13925822656768
436,326 Franklin Wl,sold,197502,2,2,1090,33.441104016778574,-112.11614921749961
437,423 3rd Wl,pending,221417,5,3,2141,33.44962825987115,-112.25263790877463
438,386 Sutter Pl,active,270848,3,2,1127,33.52514340484332,-112.14550977878238
439,203 Blake Ave,sold,126321,4,2,2833,33.56268252857467,-111.89779489345958
440,717 Bush St,sold,125885,3,2,1990,33.4026619514268,-112.01416653414175
441,510 4th St,sold,104907,5,3,1916,33.456350473108195,-112.34639954092296
442,348 8th Blvd,sold,135688,4,3,3959,33.53644908695504,-111.9530485392183
443,258 Turk Wl,sold,278252,4,2,2854,33.50006911741624,-112.12016352595899
444,32 5th Way,pending,145833,3,3,3260,33.366093951741824,-112.12222659096648
445,532 6th Vis,pending,158372,3,2,2527,33.58400470174544,-112.00042542944357
446,276 Pine Way,active,209643,4,2,2783,33.44022151237255,-112.28845298684473
447,696 California Blvd,active,248395,5,2,3188,33.39225483514001,-111.98696212838136
448,746 3rd Rd,active,102348,5,2,2979,33.42780088306109,-112.32146179193286
449,392 1st Blvd,sold,250132,4,3,3618,33.593112335583335,-111.98446407513501
450,230 Walnut Trl,pending,258373,4,3,3448,33.51364031420876,-112.06838710179574
451,122 7th Trl,sold,140357,5,3,2114,33.488822794643774,-112.20638114065886
452,214 Post St,sold,253091,3,3,1121,33.47947928964636,-111.89183282813659
453,208 Sutter Wl,sold,148529,2,2,1480,33.481045847832,-111.98821566259777
454,455 Page St,sold,121774,2,2,2806,33.42878667054777,-112.09417245254684
455,193 5th Vis,active,105545,5,3,3239,33.474337687969474,-112.2927785823205
456,585 California Vis,sold,236057,3,2,1979,33.576838817912055,-112.03719002704989
457,637 Bush Trl,pending,252840,3,2,2877,33.455966239884745,-112.01003163514352
458,189 Page Trl,active,290945,5,1,3799,33.39876316278171,-112.31768114009307
459,241 Texas St,sold,269431,3,3,3844,33.502542752823324,-111.97813273454628
460,722 Post Dv,pending,244377,5,1,1902,33.5203392438272,-112.00067398040105
461,753 3rd Way,sold,232913,4,3,3688,33.54307190568617,-112.15294582399632
462,741 8th Dv,pending,237270,2,1,1539,33.475581000383734,-111.92031598811327
463,788 Sutter Way,sold,127538,2,2,3744,33.381153363848135,-112.00002096071808
464,418 Indiana Vis,pending,126041,3,2,1649,33.37068446342926,-112.01474657885294
465,534 Walnut St,sold,273283,3,3,1425,33.49702289255772,-112.19544246221744
466,203 5th Rd,active,235297,2,2,3243,33.507470874691435,-112.16218096842975
467,556 Texas Blvd,pending,220541,2,3,1199,33.41640993822461,-112.00618698351582
468,628 Page Wl,active,290849,2,2,1723,33.52327393837886,-112.07028400109998
469,71 6th Way,sold,229515,4,2,1951,33.439184138067006,-112.162648966946
470,576 7th Dv,pending,242256,2,3,1422,33.448954098760105,-111.96756217050806
471,16 Euclid Cir,sold,182122,2,2,2907,33.57094887362123,-112.17057115456201
472,95 1st Trl,sold,132440,4,2,1399,33.54772606041067,-112.03234690766955
473,44 Turk Pl,sold,266668,2,2,3473,33.491151278662905,-111.91568843852777
474,679 Walnut Cir,active,262270,3,2,1762,33.46849917070197,-112.00605201369748
475,548 7th Vis,sold,265790,2,2,3459,33.53143338556667,-112.17113496250735
476,733 Blake Trl,sold,182486,4,1,3110,33.5317779601248,-112.30246730436015
477,583 1st Dv,active,255343,4,1,1434,33.37746090563381,-112.20682342791484
478,418 California Way,sold,177141,4,3,1148,33.56957222334669,-112.31991628743702
479,374 8th St,active,116864,2,2,1673,33.40508223074504,-112.30322778275836
480,710 Euclid Dv,active,253291,2,1,3477,33.59078999589221,-112.25547284757347
481,548 6th Way,active,239025,4,3,1263,33.50610976812095,-112.33989046214248
482,136 Geary Dv,sold,157789,2,2,1738,33.44398274663062,-112.15485875873816
483,577 Walnut Ave,pending,278515,3,3,2703,33.43427261532236,-112.13959384568265
484,741 Turk Rd,pending,108028,3,1,2896,33.42862631246867,-112.2306260941009
485,782 Texas Rd,active,184528,4,2,2935,33.58048355478031,-111.97989575642507
486,224 Texas Ave,sold,218251,4,1,3384,33.52857654594182,-112.07037351892404
487,682 8th Ave,active,184337,4,2,2041,33.42970876831263,-112.09703505528715
488,724 4th Ave,active,276084,3,3,3786,33.37307303741401,-112.09923656200061
489,756 Wall Cir,active,159138,3,1,2208,33.41097153231025,-111.97740932920809
490,194 Geary Ave,active,192427,2,1,2126,33.41229542971999,-111.98866142707573
491,197 7th Dv,pending,147227,4,1,3751,33.53031155709582,-112.09603585595933
492,80 Indiana Rd,pending,231399,3,2,3101,33.59189021604829,-112.20588773131722
493,369 Pine Cir,sold,118895,4,2,2957,33.45659570807222,-112.00970572870044
494,273 5th Rd,active,188883,3,2,1537,33.56857630355334,-112.2245845443319
495,316 Geary Rd,sold,258525,5,2,1061,33.3814636501556,-112.01882474732935
496,730 California St,sold,193795,3,1,2254,33.37741381860256,-112.28214274292684
497,779 8th Ave,sold,128840,2,1,1296,33.48118991898657,-112.16804564728744
498,289 Walnut Wl,sold,233166,2,2,3131,33.49973219032636,-112.2428109937762
499,646 Sutter Vis,active,267929,2,3,1086,33.526986694196076,-112.02436337070212
500,367 1st Pl,sold,154163,3,2,3177,33.54238458577308,-112.16209021353454
501,419 Texas Pl,active,155088,4,2,3413,33.41351802939618,-112.34149648982562
502,271 4th Trl,active,270759,3,3,3701,33.388349039847085,-112.26657859844644
503,762 4th Cir,sold,136708,4,1,1541,33.50189515947621,-112.30090230490988
504,676 Turk Rd,active,294927,5,2,2450,33.47022832243124,-112.19654452023507
505,109 Geary Trl,pending,245786,2,1,1641,33.48442539920296,-112.18618910701362
506,754 Pine Rd,pending,229479,5,3,3834,33.592644935993846,-112.0426762497234
507,215 Franklin Ave,active,113293,2,3,2973,33.36264409183495,-112.24795839333787
508,142 Geary St,pending,165204,2,3,3027,33.37295174517469,-111.9586453457659
509,112 4th Pl,sold,286367,5,1,3478,33.36859997536529,-111.87623524268032
510,589 5th Cir,sold,187403,4,3,3213,33.41078339274233,-112.1426480744205
511,466 Franklin St,pending,200423,3,2,3441,33.379342355280265,-112.34720405175904
512,160 8th Blvd,pending,124030,4,3,1726,33.49851345944611,-111.99783035537244
513,506 Turk Cir,sold,253081,2,2,2769,33.58935494847086,-111.99780848901324
514,187 3rd Ave,sold,193019,5,3,3782,33.58678525914388,-112.08954706257563
515,528 8th Dv,sold,194887,3,1,1072,33.464934324456294,-111.88013001181734
516,401 Page Trl,pending,208164,4,1,2417,33.53773840256321,-112.25561817008699
517,437 Page Way,sold,176985,3,2,1916,33.53495797603785,-112.34831739820405
518,468 Geary Trl,pending,209507,3,2,3821,33.397460234008804,-112.16243110128066
519,756 5th Trl,pending,275835,4,2,1482,33.51531063518272,-112.12276622223567
520,370 7th Wl,active,242375,4,1,2642,33.469896380545954,-112.26845575891457
521,120 3rd Vis,pending,232484,4,2,3366,33.54374295895783,-112.18134472847106
522,214 Sutter Vis,active,260770,2,3,3261,33.41579664747409,-112.31094010700954
523,450 9th St,sold,216556,2,1,3355,33.57393287998035,-111.88141652275651
524,675 2nd Ave,sold,204066,5,2,3240,33.47945360897347,-112.28382409482182
525,725 Sutter Blvd,sold,269654,5,3,3096,33.58835515265932,-112.14566283465443
526,545 9th Wl,pending,177609,2,1,2149,33.54491762166164,-111.91321636551557
527,93 2nd Pl,active,188623,2,3,3914,33.42991024775627,-112.28423093946257
528,503 Mission Pl,active,115942,4,3,1740,33.53074169708501,-112.18375983711377
529,317 1st Blvd,active,230559,5,2,1212,33.401972949044556,-112.04217232864104
530,578 Mission Ave,active,289953,5,2,2022,33.55555813553305,-111.88334543010508
531,324 3rd Ave,sold,118674,4,3,1245,33.39477980644747,-111.95887465591953
532,479 Franklin Trl,sold,274158,3,3,2686,33.39754375594824,-112.19152011335235
533,469 8th Rd,sold,238436,2,3,3421,33.53820679507996,-112.02143128111163
534,413 Walnut Cir,active,276104,3,1,1317,33.475429541144656,-112.29095600305989
535,621 Blake Rd,pending,112544,4,2,2323,33.48729589022737,-112.33646656533867
536,147 Turk St,active,239048,4,3,3685,33.44716179978937,-112.19536873295044
537,553 3rd Trl,sold,278768,5,1,3908,33.3657045099853,-112.02424449834531
538,645 9th Wl,sold,207989,4,3,2081,33.38875624472442,-112.21513406625192
539,637 Bush Pl,sold,143878,4,1,1354,33.5172267090264,-112.2503930292833
540,82 Turk Way,active,191454,4,2,3319,33.36413238695519,-112.11881734135491
541,660 9th Vis,pending,159192,4,1,3499,33.37717819254733,-111.88974225940858
542,549 Mission Trl,sold,103806,4,3,3478,33.543324960692644,-112.2962200225667
543,675 9th Vis,active,190167,4,1,3163,33.51241105362843,-112.04349653096908
544,119 Indiana Pl,sold,101036,2,2,3232,33.3662336638109,-112.02796764833538
545,60 Euclid Wl,pending,197537,2,2,1113,33.57134027763212,-112.22417324809156
546,728 Geary Rd,active,138049,5,2,2361,33.45523534938642,-112.13860243474139
547,409 Turk Cir,active,148486,4,3,2187,33.58307638050345,-112.28880003316561
548,631 3rd Blvd,sold,195095,2,2,2774,33.540007134231494,-112.1580472751337
549,378 Post Rd,active,160976,3,3,2624,33.538884169828265,-112.2345634836242
550,758 Mission Blvd,active,201642,5,1,1763,33.398285381855636,-112.26637154959727
551,394 Pine Blvd,sold,222269,3,1,1663,33.41286452055146,-112.1739428123981
552,293 Indiana Trl,active,184365,3,3,3644,33.524206923023996,-112.18416335932524
553,437 Bush Dv,active,192010,4,2,3625,33.3990909028492,-112.19533143874666
554,415 8th Wl,sold,225535,3,3,2289,33.377059113772,-112.14786927864454
555,611 3rd Pl,pending,195236,4,3,1297,33.37717564182629,-111.99804673263408
556,352 Wall Vis,active,283470,3,3,1168,33.478383178178056,-112.3227372823511
557,316 8th Way,active,142382,2,3,1527,33.5823899745765,-112.1791484538675
558,161 7th Wl,sold,236736,2,1,2415,33.411179659616906,-112.04241937530861
559,73 8th Way,sold,270878,2,3,2220,33.386640143877806,-112.2172914591389
560,322 Texas St,active,125146,4,3,3503,33.416549175738766,-112.32304206608688
561,605 Post Way,active,270953,4,2,3777,33.43154256478196,-112.15951105643332
562,517 9th St,active,166600,2,3,2796,33.40141736688859,-112.18904774731628
563,582 7th Way,pending,160644,5,3,2463,33.41601808167172,-112.07139527211926
564,674 5th Vis,sold,287234,2,3,3942,33.48721816994557,-112.04745477806841
565,87 Mission Cir,sold,182636,5,2,1268,33.453856258119686,-112.06842259246332
566,773 Sutter Cir,sold,178658,5,2,2335,33.39533647765289,-112.00966824515521
567,176 Turk Trl,pending,118491,5,3,1807,33.41361351473783,-112.29660666308865
568,73 7th Cir,active,114182,5,3,3341,33.41500137113848,-111.91524372619496
569,712 Sutter Trl,pending,278421,3,1,2035,33.40176835665721,-111.88896750493946
570,262 4th Vis,sold,203537,3,1,3569,33.51315991381753,-112.3351507473568
571,664 9th Ave,active,126839,5,2,2189,33.3686849892273,-112.21265825014929
572,451 Geary Way,pending,237924,4,3,2925,33.362956524945204,-111.92676613711312
573,399 Geary Trl,active,151867,5,3,2608,33.571820160709265,-112.162723896487
574,440 8th Rd,sold,289236,5,3,3759,33.39023658826515,-112.05088434688419
575,304 7th Cir,pending,159737,4,1,3997,33.37593074516456,-111.89462288529984
576,737 Blake Pl,active,237766,4,3,2504,33.388826288718874,-112.35477355336637
577,166 Mission Ave,sold,199107,2,1,1026,33.50564456881817,-112.14457160636599
578,460 9th Way,sold,281930,3,3,3433,33.57653640876706,-111.97540465616851
579,469 California Rd,active,234062,5,2,1746,33.40245687764417,-112.18327972693805
580,312 Franklin Rd,active,267099,3,3,1949,33.59126798154316,-111.90334741934466
581,156 Blake Dv,pending,248689,5,1,3365,33.5380221566191,-112.09059610123778
582,553 2nd Pl,sold,256789,3,1,2149,33.44406509627093,-112.14737663129834
583,500 Page Blvd,pending,140751,3,3,1880,33.59411885292472,-112.21148671682029
584,152 Wall Wl,pending,157321,4,1,2808,33.578748179510555,-112.0810021745183
585,467 9th Pl,active,229922,3,1,3512,33.56509914980884,-111.87406997495269
586,699 6th Vis,sold,164873,5,3,1733,33.4978733894214,-111.94075052673578
587,82 Walnut Rd,sold,236481,2,1,2645,33.42687712077218,-111.96716391018904
588,367 California Way,pending,128209,2,2,3868,33.46136352608006,-112.11099029212069
589,633 Page Ave,active,111798,2,3,1352,33.42267648965232,-112.0922141964867
590,606 4th Way,pending,225807,3,3,2342,33.37178588084543,-112.2036859866315
591,471 Post Way,active,236496,3,3,3868,33.577703151839614,-112.19947548401058
592,277 Bush St,active,288417,5,1,1530,33.44972706543055,-112.24840119500436
593,771 7th Cir,pending,240671,5,1,1762,33.51571577667352,-111.90915127743632
594,699 Euclid Wl,pending,262402,4,2,2485,33.508894142834166,-111.95393611226916
595,148 5th Trl,pending,154769,5,2,1124,33.460363429689735,-112.16026839624234
596,224 Post Way,active,121423,3,2,2054,33.367012845903574,-112.16561120050082
597,505 Turk Ave,sold,179475,5,1,3385,33.40068424222125,-112.11087449953143
598,247 Pine Blvd,pending,282722,5,3,1552,33.522083050031775,-112.13325136447659
599,450 Texas Cir,sold,228354,4,3,3192,33.51705762256411,-112.0768532249736
600,142 California Way,pending,217585,2,1,2153,33.43759552414764,-112.07299056918124
601,127 1st Cir,pending,198294,3,3,2889,33.436744259318424,-112.16581447773744
602,416 1st Way,active,292223,4,1,1750,33.3747961471524,-112.27228599605702
603,588 Geary Blvd,active,244713,3,3,2934,33.4797012069028,-111.97906483464708
604,721 1st Rd,sold,225647,5,2,3142,33.49126047821188,-111.91029404043556
605,282 Post Dv,pending,227733,3,1,1508,33.59125126621794,-111.93679472368838
606,689 Indiana Wl,active,163605,5,3,3467,33.39118915074749,-111.87682172390454
607,557 9th St,sold,284241,5,2,2276,33.52460361048552,-111.93964932871354
608,517 Euclid St,pending,166530,5,1,3159,33.4585820204697,-112.26110315372893
609,127 Turk Cir,pending,232384,4,1,2839,33.456789171863825,-112.34827196059173
610,315 Mission Ave,sold,189548,3,3,2989,33.42059429570784,-112.24545057288393
611,724 Wall Blvd,pending,264865,4,1,2268,33.36764342837289,-112.27344234424159
612,127 Indiana Dv,pending,247466,3,3,3067,33.4105390135457,-112.23504465893338
613,576 3rd Rd,active,181723,5,1,3470,33.379386928398574,-112.03007289682355
614,275 7th Dv,pending,204340,3,2,2809,33.52951004714051,-112.31855381324681
615,491 Indiana Ave,sold,256379,5,2,2676,33.55185067047796,-111.91142104729839
616,524 Pine Vis,sold,147505,3,2,3221,33.41959134490074,-112.29665852099998
617,546 2nd Ave,pending,187521,3,2,1885,33.44627841004066,-111.93268770241423
618,607 Blake Pl,sold,266774,2,3,2624,33.408864420014005,-111.97622765055314
619,623 3rd Wl,sold,248564,2,3,2798,33.4901371096539,-111.91110209474779
620,355 5th Dv,active,249483,3,3,2977,33.401675920376164,-111.95749946458535
621,456 Indiana Dv,active,255302,3,2,1588,33.546721986612056,-112.017246396879
622,167 7th Vis,pending,213698,3,2,2124,33.3866084966976,-112.22403159379998
623,65 1st Way,pending,263027,4,3,1355,33.51072168555493,-112.01126778368427
624,207 Texas Vis,active,215153,3,2,3080,33.49556767270314,-112.26271917883852
625,509 Turk Ave,active,226558,5,3,1287,33.363340930857106,-111.87457921455633
626,483 Page Pl,pending,156562,4,2,2780,33.518847050915355,-111.99844183608319
627,122 4th Pl,pending,185321,5,3,2548,33.47346354258088,-112.20417613207682
628,552 Franklin Blvd,sold,183108,3,2,2161,33.43066701775845,-112.03342203657333
629,475 Franklin Way,sold,149176,5,3,3855,33.533875167676996,-111.94470394529226
630,506 Sutter Wl,sold,258053,4,2,2656,33.37778716530415,-112.10481429238745
631,32 Turk Dv,pending,102360,5,2,3915,33.44245063638481,-112.14580036951706
632,275 Page St,sold,128219,5,1,3341,33.48226488795732,-112.02116096665794
633,731 1st Trl,sold,260608,5,1,2611,33.361186139974635,-111.88872738034745
634,586 Blake Wl,active,117981,5,2,3093,33.537448133799614,-112.07039047983275
635,184 4th Vis,pending,155993,5,1,2443,33.42223262937573,-111.9754290072419
636,53 Mission St,active,177135,3,3,1207,33.4478318614843,-111.95682635293451
637,546 Turk Wl,sold,290173,5,2,3544,33.53076890966383,-112.18454796425688
638,211 Wall Blvd,pending,266695,3,1,2514,33.54381563318598,-112.20699026081043
639,70 2nd Wl,active,286484,2,2,3285,33.464402746448926,-112.16474860045761
640,796 6th St,active,198444,3,3,1295,33.429361768853134,-112.24010409276279
641,735 Geary St,pending,245127,3,2,2317,33.40563486530633,-112.07059110951458
642,38 9th Rd,pending,271094,3,2,2456,33.46986684065906,-112.20086864837165
643,555 Bush Dv,active,110440,3,3,2986,33.46382238058323,-111.89191746431166
644,669 7th Vis,sold,176094,5,1,3180,33.53943603532985,-112.23916743799445
645,195 Mission Trl,active,208139,5,1,3042,33.460395475066306,-112.32748414274552
646,115 8th St,pending,135356,2,3,2488,33.5500472577439,-112.00051766428263
647,768 California Cir,sold,129562,4,3,1597,33.42462176206444,-112.17533543266481
648,159 Mission Blvd,pending,292216,5,2,2698,33.43591058205254,-112.18990666213834
649,78 2nd Way,sold,208122,3,1,2790,33.581158009121964,-111.96907611820275
650,457 7th Pl,active,238193,5,1,1780,33.53487397057359,-112.20038295793658
651,554 4th Vis,sold,118739,4,3,1421,33.54820190850541,-112.1077016047762
652,39 Walnut St,pending,140854,3,3,3703,33.559017738118655,-112.00313350920166
653,327 7th Way,active,212467,5,1,2118,33.58738414110036,-112.06588538150167
654,563 Sutter Wl,sold,200791,5,1,1355,33.46085028403324,-111.894880359808
655,23 Mission Rd,active,140606,5,2,1757,33.51540992811127,-112.06901446280523
656,554 Bush Dv,pending,261012,3,2,3199,33.570076537133026,-112.05665287058913
657,447 5th Rd,sold,282462,5,3,1219,33.39988714659203,-112.07112607452022
658,527 6th Vis,active,267675,3,1,1039,33.51208141103478,-112.074823854059
659,643 Pine Ave,sold,237228,4,3,3090,33.36932003322336,-112.07097793281748
660,559 California Cir,sold,296796,5,2,2919,33.47968059056055,-112.16229692220695
661,551 8th Dv,sold,189700,2,3,1368,33.500341169620796,-111.91038912854209
662,541 Geary Rd,active,104214,5,1,2205,33.52588983902294,-112.06380333955279
663,581 Page Trl,sold,166819,4,1,2962,33.523562179951,-112.11190342010926
664,771 3rd Cir,sold,165770,2,2,2406,33.47419418125113,-111.90537235936266
665,626 1st Cir,active,128270,5,1,3212,33.58241992064631,-111.92890992707125
666,724 1st Rd,sold,149561,2,1,1462,33.54968424675619,-112.33776957745376
667,703 Geary Way,sold,151921,2,3,1117,33.57957758439465,-112.17666578517016
668,641 Franklin Wl,active,141264,2,3,1662,33.55115341685638,-112.23756427602093
669,765 2nd Rd,active,272440,2,3,3748,33.53165923582051,-112.18442762489371
670,159 Blake Wl,sold,159016,2,3,3654,33.443902567862196,-112.03176536089306
671,732 6th Cir,sold,125311,3,1,1593,33.5402425972014,-112.03276496291768
672,69 Post Dv,sold,166291,4,2,1434,33.54314015445606,-112.3196122173036
673,606 3rd Ave,active,248265,4,3,2516,33.403760388721736,-111.9521461441074
674,452 7th St,active,267209,2,2,1435,33.52963972525909,-111.91435812616388
675,100 Blake Vis,pending,240113,3,3,1989,33.51042399833501,-112.17405288274749
676,669 9th Vis,active,168956,3,2,3563,33.56020088931701,-111.91047873912183
677,620 Walnut Dv,active,285894,4,2,2844,33.410798046500474,-112.25359750781836
678,568 3rd Rd,active,183547,5,1,3072,33.3990604900499,-112.36008894919375
679,11 Blake Dv,sold,213897,2,2,3723,33.476511519497876,-112.14564782121253
680,646 6th Trl,sold,194574,4,2,1727,33.55166580743476,-112.13207008964585
681,470 Texas Ave,pending,195035,3,2,2922,33.50503346554416,-112.07673380652712
682,349 Sutter Blvd,active,284066,3,2,1422,33.433087489442315,-112.33063077154353
683,643 3rd Way,active,293438,4,2,3586,33.50645932688225,-112.1444354162977
684,449 8th Dv,pending,220667,4,1,1890,33.52049130096448,-111.94152190532854
685,83 Pine Blvd,pending,160103,5,2,2895,33.5323177134857,-112.26675461728723
686,184 Pine Pl,active,268467,5,3,2008,33.536678428103826,-111.95201464006288
687,198 Geary Rd,pending,241371,4,2,2007,33.491421601108215,-112.19078839073264
688,724 Walnut Way,pending,132948,5,2,3736,33.44757152479251,-111.91360571627308
689,794 Mission Rd,active,252620,3,2,3537,33.41629507183133,-112.16527848668947
690,429 Franklin Ave,pending,248577,3,2,2500,33.40250122881803,-112.28274312188778
691,710 Blake Dv,active,275051,2,1,2007,33.561601140673076,-112.02951992252908
692,393 9th Pl,pending,127403,5,3,3798,33.56670813006245,-111.886855465324
693,360 5th Vis,sold,137826,3,1,2986,33.485351041447366,-111.87671354909715
694,508 Post St,sold,276475,4,2,3331,33.590741931641666,-112.25570012253618
695,770 Turk Cir,sold,127225,4,1,3511,33.505147342205184,-112.35044961289142
696,737 Indiana Pl,sold,198167,2,2,2395,33.401572006799995,-112.02608472598428
697,103 Franklin Ave,pending,208725,2,2,3394,33.474177743753486,-112.16239547953018
698,279 5th Dv,sold,211005,3,3,2192,33.593146334269626,-112.27917703852957
699,562 Walnut Dv,active,214162,4,1,3531,33.409853385103595,-112.03208401473016
700,155 Euclid Blvd,pending,161716,5,3,2055,33.5114169117414,-111.9827225582544
701,35 Turk Way,pending,176582,4,1,1266,33.56946176026547,-112.21194285548306
702,425 9th Dv,sold,139117,3,1,3409,33.37725325036714,-111.9033816656338
703,228 8th Vis,sold,133612,2,2,1872,33.53680937631081,-112.20802260755575
704,46 6th Vis,sold,115874,4,3,3077,33.50901045099511,-112.2913310512303
705,567 Wall Vis,active,152368,5,3,1154,33.52534714335221,-111.94184176229922
706,266 Sutter Trl,sold,274496,4,1,3642,33.4306276858283,-111.91913496147188
707,619 5th Rd,pending,282775,2,3,1640,33.44778586182272,-112.15119104996803
708,531 Geary Trl,active,198535,4,1,2033,33.53209616489255,-112.31162427531436
709,775 7th Dv,pending,273804,3,3,2153,33.55898515767241,-112.27100321990798
710,191 1st Dv,pending,291411,4,3,3770,33.57671762032724,-111.92145935362828
711,249 Walnut St,sold,242825,3,3,2621,33.557520632835434,-111.96616480512341
712,474 2nd Cir,active,101212,2,3,3345,33.556360115064976,-112.0236498613116
713,394 4th Blvd,sold,265115,2,1,3072,33.57908055402292,-111.97191874029397
714,264 Pine Rd,active,128749,4,2,1071,33.430331008806185,-112.08973627606713
715,746 Page Trl,sold,123074,5,1,2567,33.51614943639379,-112.28339055876104
716,337 Post Ave,sold,169434,5,1,2492,33.37439745324785,-112.16085422301053
717,20 Blake Blvd,sold,182278,4,2,1624,33.574774500764015,-112.3247960560648
718,709 Mission Pl,sold,166423,2,3,1738,33.38053640612735,-112.30712144017673
719,307 Franklin Way,sold,285177,5,1,3266,33.49905448120299,-112.05445132356904
720,80 6th Cir,active,291330,4,3,2062,33.42627972497713,-112.00789049375008
721,724 1st St,sold,252474,5,3,3236,33.589357029980796,-112.26121678836539
722,285 7th Pl,sold,161898,4,2,2548,33.505922869512126,-112.04670930629106
723,788 Walnut St,pending,100644,5,1,1709,33.421934038823665,-111.93650005654727
724,620 Mission Cir,active,173167,2,1,3326,33.59188620920367,-111.95456353601902
725,595 8th Blvd,pending,256820,5,1,3570,33.40362317754676,-112.05447544723337
726,574 Geary Blvd,pending,127756,2,2,2787,33.5453607127029,-112.01727031998277
727,239 Mission Blvd,active,294331,4,2,2846,33.39665091949981,-112.18078334501826
728,632 Pine Way,active,289722,2,2,1714,33.538708991102865,-112.17798259149126
729,337 Turk St,active,259034,5,3,1027,33.380859725349644,-112.09161935522104
730,79 5th Rd,sold,176721,3,1,2345,33.39811595497881,-111.99234418384992
731,765 Pine Cir,sold,252121,4,1,3471,33.5525869993057,-111.88563523784514
732,641 Turk Ave,pending,292892,4,3,3663,33.53383617945425,-112.20879476541587
733,66 Pine Wl,active,137580,4,1,3825,33.59197463377015,-111.95521276047043
734,516 3rd Rd,sold,145924,2,3,3109,33.38285470348499,-111.88617143691368
735,63 3rd Pl,sold,265883,4,1,3315,33.549072833064635,-112.3358347774657
736,403 5th Rd,active,157337,4,3,1376,33.52714737936924,-112.34430640867159
737,702 Wall Ave,active,182980,5,1,2199,33.38417102739944,-112.19002892853264
738,13 Wall Trl,pending,238240,5,3,3376,33.48241842896855,-112.02205537742984
739,244 9th Blvd,sold,141630,3,1,2011,33.53987307380119,-111.96521985816166
740,651 Geary Way,sold,208928,2,3,2273,33.53186011114605,-112.0784143635354
741,186 5th Pl,active,260465,2,1,2822,33.54597256231807,-111.93617550026984
742,639 Sutter Rd,pending,110617,2,2,3032,33.4432467757254,-112.27977807695488
743,695 2nd Wl,pending,281753,2,3,3734,33.51838431533907,-112.07038377803669
744,14 Texas Blvd,pending,242201,2,1,1066,33.40953173110906,-112.29529674188956
745,691 7th Pl,pending,123364,5,1,3097,33.591894498807534,-111.89840919036097
746,240 Page St,pending,220138,4,1,2427,33.461686537160574,-111.98582210018665
747,786 Wall Way,sold,274292,3,3,3538,33.5805414889344,-112.0527269912237
748,37 2nd Cir,sold,162180,5,2,1573,33.50856896476123,-112.36147396420918
749,659 Post Pl,active,206473,2,3,3248,33.476294377224555,-112.2138999035936
750,559 Sutter Trl,active,256385,3,3,2355,33.4964306273364,-112.17627659625008
751,458 Page Trl,pending,279294,4,1,1860,33.459123121631315,-112.32425791062511
752,356 Wall Vis,sold,121613,2,1,3795,33.54139590885297,-112.15219009026339
753,358 Sutter Way,sold,194561,3,1,2786,33.36329448094854,-112.08895302957934
754,54 Post Trl,sold,241823,3,1,2138,33.47078189158906,-112.02147630625
755,111 Euclid Wl,sold,167000,2,2,1340,33.36979109044691,-112.00374326984466
756,96 Sutter Ave,active,108249,4,1,3335,33.58981173397281,-112.14558136542514
757,745 9th Way,active,151461,3,2,3252,33.38115235148176,-111.88030329691118
758,312 Pine Way,pending,126882,5,2,2001,33.469611023944914,-112.10824224407867
759,154 Blake Vis,sold,160905,5,3,3224,33.441162801083046,-112.27305527782615
760,28 3rd Trl,sold,218053,5,3,2483,33.53359529032986,-112.02566274810711
761,632 1st Way,sold,228271,5,1,3638,33.45335844944039,-112.0160951404795
762,245 Franklin St,active,214620,3,1,3657,33.379293938002995,-112.29296975353651
763,99 Bush Way,active,257245,4,2,1564,33.546510191515154,-112.0359088273209
764,552 Indiana Trl,active,162662,2,1,3599,33.38765234248148,-111.92178104722068
765,790 Franklin Rd,active,280976,4,1,3590,33.51288489641321,-112.22769082728264
766,474 Turk Dv,sold,228519,4,3,1672,33.431945886756516,-111.99098270846876
767,627 Mission Dv,pending,282755,5,2,2913,33.45952070095343,-111.92558909673774
768,198 Sutter Way,active,290605,3,2,3039,33.513038817679295,-112.12223814332081
769,380 1st Trl,sold,147821,3,3,2513,33.37728690551557,-112.22245313671687
770,431 Turk Cir,sold,173737,3,1,2203,33.524310371265784,-112.33332284633309
771,268 Euclid Trl,pending,297059,4,1,3001,33.389471743817126,-111.92206509866197
772,443 6th St,pending,108834,5,2,2680,33.39286876281439,-112.3001063977509
773,450 Page Pl,active,204852,2,3,2229,33.37555903013104,-112.3599426323935
774,687 California Way,sold,207740,5,1,1502,33.585898326648895,-112.06499516149847
775,622 California Ave,active,120964,2,1,2482,33.46259929063862,-112.11507211451898
776,429 6th Cir,sold,195912,2,3,2194,33.54951589663268,-112.18990088055314
777,435 Franklin Vis,active,294894,3,3,1796,33.54439415974459,-112.1525454331868
778,220 8th Ave,active,280114,5,2,1156,33.56047787207144,-112.07420279357933
779,762 Walnut St,active,182053,4,2,2963,33.56442153067071,-112.00974836343359
780,231 3rd Pl,pending,193901,3,3,1532,33.48036511129016,-112.14023685408966
781,793 Indiana Wl,active,208807,4,3,3340,33.39500089041151,-112.16390297778275
782,285 Bush Cir,sold,138387,4,3,2394,33.37039779947514,-111.89157551572983
783,679 Franklin Cir,pending,263645,2,3,1106,33.59330522798688,-112.17991615096231
784,364 Wall Trl,pending,168124,3,2,2872,33.47452724024466,-112.25588343266016
785,666 Mission Trl,active,229802,2,1,3274,33.444461893522515,-111.88381643591119
786,491 6th Cir,sold,263830,5,3,3373,33.58824461314962,-111.90250179262388
787,685 Walnut Cir,active,264621,4,2,1979,33.479312571407874,-112.04528330925648
788,385 Blake Way,pending,199756,4,1,3870,33.506344621257504,-112.06808024521123
789,56 Blake Cir,sold,122877,4,1,2131,33.44055521194571,-112.06913219172898
790,356 4th Way,active,278694,3,1,1280,33.42472359744054,-112.35846930515287
791,261 4th Blvd,sold,135486,3,2,1334,33.38845631823339,-112.28946880344805
792,514 1st Wl,pending,213582,5,2,3633,33.36147640785628,-111.93459830128451
793,32 Pine St,active,144909,3,1,2343,33.38810319155584,-111.99148623874699
794,149 9th Dv,pending,240306,3,1,2146,33.54919586420596,-112.08106006032773
795,420 2nd Wl,active,122461,2,3,3427,33.49068699670883,-112.02841945113832
796,426 8th Blvd,active,100428,2,2,3155,33.38031188006072,-112.13083034744548
797,367 7th Dv,sold,116616,4,1,2781,33.50137279528247,-112.34936411680776
798,737 2nd Way,pending,192842,5,1,3467,33.4948477795467,-112.27555073235965
799,599 9th Wl,sold,255661,4,3,1987,33.473000517289904,-112.00738684908917
800,175 Wall Vis,pending,176549,2,3,2654,33.5560686970848,-112.07323594501341
801,325 Turk Cir,active,133510,3,3,3455,33.52333406181624,-112.16901767661574
802,72 9th Rd,pending,299720,5,2,2454,33.36275906434708,-111.94050411018975
803,774 California Cir,active,164776,4,1,2464,33.47901826967526,-111.8984539195035
804,702 Blake Ave,sold,289663,2,3,3911,33.46591776064395,-112.3103942303265
805,393 Euclid Blvd,pending,160466,2,3,2316,33.51720185149882,-111.89479935519216
806,111 Indiana Wl,active,242710,3,1,1881,33.5589823067004,-111.9861393937343
807,256 Euclid Blvd,active,107268,4,3,1273,33.404185393658636,-112.25499900149421
808,141 California Trl,pending,227370,3,3,2887,33.447690777592015,-112.1970938471058
809,186 Wall Vis,sold,217308,4,1,3991,33.45847658851893,-112.15127394189831
810,362 Page St,pending,178765,4,3,1841,33.582969699787284,-111.92759777853954
811,703 Bush Vis,pending,111618,4,1,1732,33.572798954157754,-112.16498871087157
812,18 Pine Way,active,236879,5,1,1064,33.55791823098429,-112.24423526196023
813,570 Blake Ave,active,223633,3,1,3159,33.4279318943977,-111.99049554947806
814,703 Sutter Pl,active,181060,5,3,2681,33.590146736461335,-112.2962716834924
815,29 6th Way,sold,229735,5,2,3012,33.57023033396066,-112.08148675496638
816,37 Post Cir,pending,295694,2,1,2290,33.53279320028301,-112.02788430676814
817,215 Euclid Way,sold,250248,2,3,2981,33.52711467098018,-112.28544122893314
818,693 California Ave,pending,180266,5,3,2112,33.38153554774004,-112.33447549102853
819,566 Wall Trl,sold,243484,2,2,1315,33.389007792668785,-112.17307380422996
820,37 Mission Dv,sold,273541,3,3,1459,33.39616164720836,-112.10521946341628
821,544 6th Blvd,sold,217366,3,1,3731,33.43975493430279,-112.32311922058923
822,95 Blake Wl,pending,219977,4,1,3417,33.50404654081188,-111.96208730321163
823,621 1st Blvd,sold,179336,3,1,3286,33.40939585316381,-112.13314854652758
824,691 3rd Vis,active,177399,2,3,1279,33.43159240510533,-112.34677204147033
825,622 Euclid Way,active,201888,4,1,1035,33.42053145242003,-112.17448009960653
826,476 2nd Vis,pending,242624,3,3,3905,33.507057692220705,-112.30234999141804
827,727 Euclid Pl,active,202027,4,1,1739,33.48931714541062,-112.0931145393881
828,430 2nd St,active,205847,5,1,1110,33.3843245975768,-112.2034871565863
829,111 Franklin Wl,sold,103759,5,1,1002,33.39681661830745,-112.254143838079
830,698 Turk Way,pending,251810,4,3,3314,33.57848500838405,-111.97453335497468
831,27 California Cir,sold,216862,2,3,1623,33.5649548717103,-112.06898223349717
832,431 Bush Dv,active,261419,4,2,1241,33.54189625232033,-111.90239986879183
833,125 Mission Way,active,275195,3,2,2265,33.41691282495743,-111.92736421820292
834,781 Franklin Cir,pending,100314,5,2,2629,33.463205488555836,-111.95369788840914
835,762 7th Way,active,229416,3,3,2386,33.56244834803042,-112.32434450249565
836,178 6th Pl,sold,280020,2,1,2540,33.50092530583749,-112.00830329374203
837,628 3rd Trl,active,149272,4,3,1386,33.49278357244285,-112.1967987979077
838,132 California St,pending,161786,4,1,2916,33.58606577471778,-111.97910437923726
839,366 7th St,sold,139716,5,3,2888,33.37025915463933,-112.32837357368575
840,212 3rd Ave,sold,117777,4,3,2941,33.50512628212248,-112.0991477201601
841,350 1st Ave,pending,176121,5,2,1072,33.52684775686346,-112.03990726683142
842,669 Walnut Way,pending,243387,5,1,2211,33.38857771909002,-112.081729381166
843,602 3rd Dv,sold,218695,3,1,1397,33.56013892254671,-112.26137303723951
844,73 1st Trl,sold,117851,2,3,2461,33.562313013718494,-112.27618003924267
845,237 Sutter Vis,active,112484,2,3,1231,33.37495625098063,-112.30355758699783
846,424 Walnut Vis,pending,141141,2,2,3490,33.38187208388107,-112.18948422496894
847,299 3rd St,pending,209179,3,1,1523,33.40607868216357,-112.23053781111959
848,524 Mission Ave,sold,212915,2,1,2560,33.52721929686653,-111.94687635684308
849,48 5th Wl,sold,299198,3,1,3706,33.48271132951206,-112.25603691646633
850,770 4th Ave,sold,277742,2,3,3411,33.58511461803288,-112.18393436658448
851,565 Franklin Ave,active,225639,2,2,3538,33.36304598881162,-112.24641166660918
852,706 Wall Pl,pending,238907,3,3,1206,33.594111850819615,-112.31699484384065
853,103 6th Rd,pending,159965,4,3,2335,33.47763135203905,-112.01579510142446
854,213 Indiana Dv,sold,188582,2,3,2206,33.46182790161292,-112.24012270629916
855,276 7th Vis,sold,278822,4,2,2269,33.561558571104484,-112.31575779751641
856,306 9th St,pending,111019,4,3,3357,33.53120975188181,-112.08503252662965
857,796 Turk Way,pending,141952,4,3,2370,33.59298723965709,-112.07735676089479
858,221 Euclid Way,sold,204021,4,1,2189,33.4536379532529,-112.09344532044565
859,760 Geary Wl,pending,209121,5,1,2265,33.459388480634324,-111.94355536665546
860,333 Page Cir,active,143177,5,3,1758,33.41576976033712,-112.06485077175269
861,697 4th Pl,pending,173767,3,3,1352,33.54255275557551,-112.22630307750158
862,555 5th Rd,pending,278191,4,1,3852,33.40793460406467,-112.3106679059734
863,319 Walnut Dv,active,125292,5,1,3246,33.53906851453002,-112.2406069878587
864,293 7th Cir,active,176283,3,1,2600,33.52490497552551,-112.33212440956169
865,776 4th Vis,sold,237934,2,3,2013,33.58563854869481,-112.18060514073102
866,545 Sutter Blvd,sold,214763,4,3,3031,33.54640001534598,-111.96252226823712
867,261 Sutter Way,pending,109097,4,1,3170,33.589018679574416,-112.03639200368835
868,118 Mission Ave,active,172914,2,2,2865,33.56818017471469,-112.17098925346288
869,457 Post Blvd,sold,100804,5,3,1767,33.56783053592576,-112.16932481952622
870,518 1st St,pending,257953,3,3,3581,33.53429223248365,-111.98030326690879
871,374 Sutter Rd,active,118891,5,3,1148,33.551693779679546,-111.91892304649996
872,199 Walnut Pl,sold,285764,2,3,3490,33.43022474030913,-111.8750741526393
873,494 Walnut Trl,pending,191141,2,3,1455,33.43498036219146,-112.08142242978478
874,719 9th Dv,pending,191644,2,3,1781,33.54564268240491,-111.98007655775857
875,188 6th Pl,pending,109461,2,1,2711,33.4029673156916,-111.98158690331533
876,338 2nd Rd,pending,125234,5,3,1523,33.57684813565488,-111.8848718371081
877,506 Mission Pl,active,163957,5,3,3303,33.544456796630115,-112.01662933714896
878,410 2nd Trl,active,171974,5,3,2139,33.47391505408217,-112.0674562897144
879,381 Post Cir,pending,204097,3,1,2174,33.41341951718617,-112.30317076570444
880,64 Indiana Blvd,pending,279002,3,1,3138,33.51346139552009,-112.05270518642436
881,70 Euclid Dv,sold,285739,5,1,1736,33.58425252111674,-112.05796737888227
882,291 Franklin Pl,active,234384,2,3,1566,33.41837817624107,-112.27076535705481
883,677 Bush Way,sold,122286,4,3,2558,33.38400204908554,-112.31076220313858
884,566 Euclid Vis,active,274234,4,2,2266,33.5231410512477,-112.3404111876642
885,486 9th Vis,sold,109531,3,3,2736,33.540240506097085,-112.07439417994614
886,16 Turk Ave,pending,160219,2,2,2917,33.47131931469863,-112.33890302486013
887,404 Texas Rd,active,244390,2,1,1592,33.5217396084526,-112.12590240420327
888,418 Turk Pl,active,296306,3,1,1980,33.40507434512184,-111.88683236494767
889,607 Mission Vis,sold,276601,2,2,1735,33.49747644939034,-111.9180721371033
890,270 Texas Cir,sold,260438,5,2,1804,33.4293550452184,-112.18661420144038
891,486 Bush Pl,pending,293032,3,1,2297,33.396055855183654,-112.16377796217702
892,695 Blake Blvd,active,275314,3,3,3032,33.554086297895616,-112.12696318390887
893,15 5th Vis,sold,113190,2,2,1768,33.43279441258153,-112.18807811322569
894,305 6th Wl,active,294542,2,1,2201,33.447469935267755,-112.20349246472372
895,453 Sutter Vis,active,248879,3,1,1489,33.39481123284992,-111.92987348158697
896,166 Indiana Rd,active,132822,5,2,2467,33.46105955173621,-112.08193728355256
897,177 Bush Wl,active,191361,4,1,3159,33.4382755980682,-111.98256758304306
898,602 Sutter Pl,pending,262700,2,1,3057,33.362882550023436,-112.09145344489241
899,314 Post Trl,active,126057,5,2,3765,33.58470067902043,-112.25079579423013
900,476 Wall Dv,sold,118365,4,1,1231,33.50332992322593,-112.23173306108286
901,516 Bush Wl,active,225826,5,2,2453,33.568619196326225,-112.15601233151072
902,123 Indiana Wl,pending,108764,5,3,2237,33.50642262206549,-111.98939126460051
903,666 3rd Cir,pending,209240,3,3,1011,33.43586190188971,-112.30137617296347
904,654 Sutter Trl,pending,142764,5,3,1168,33.47113706481949,-112.34932554022805
905,604 Page St,active,157646,2,3,3168,33.36276549373472,-111.99633941378681
906,740 California Blvd,active,274277,3,2,2203,33.57635318284511,-111.98875783852289
907,156 Texas Blvd,pending,121997,5,2,2379,33.49272511427004,-112.2028512425064
908,74 Geary Cir,active,274968,2,1,3735,33.54703375004883,-112.17971103490731
909,277 Turk St,pending,249383,2,2,2081,33.531208386724735,-111.9826023498386
910,255 1st Ave,active,195191,5,1,1900,33.498578232751036,-111.9506373577567
911,587 3rd St,pending,148919,2,1,2148,33.562420082321616,-112.08002573744228
912,195 Walnut Pl,pending,113188,5,2,3305,33.52833256415278,-112.35223851219594
913,741 Page Wl,sold,294519,5,3,3053,33.37690626094146,-112.2884321838319
914,456 1st Blvd,sold,149922,3,2,1317,33.396087880992134,-112.11125929462419
915,585 9th Dv,pending,109294,5,3,3882,33.367734060476984,-112.23438004388957
916,395 Turk Vis,pending,123227,5,1,1664,33.437719696067035,-112.18889332058365
917,414 Page Rd,sold,241445,4,1,2937,33.47553589721947,-111.91139277695846
918,747 Indiana Pl,active,231078,5,1,1285,33.428972364024034,-111.95767882663345
919,529 8th Ave,active,193431,2,1,1064,33.51112409119558,-112.30174285773428
920,664 Euclid Rd,active,176786,4,3,2305,33.55494531330089,-111.94558197754966
921,541 Page Pl,active,234382,5,1,3962,33.56364423638693,-111.91027098840735
922,184 Bush Vis,active,129692,3,3,1309,33.37587241418521,-112.14003111962685
923,348 2nd Vis,pending,114018,3,3,1100,33.39626067040766,-112.16976341793995
924,506 Post Trl,pending,275004,5,1,3641,33.406110431815975,-112.13471905323426
925,665 8th Dv,sold,242102,5,3,1320,33.36246343981929,-112.00170141257233
926,711 Texas Trl,pending,295017,5,3,2016,33.58360999009977,-112.03121994375988
927,492 Bush Vis,pending,153492,5,3,2237,33.37671517363273,-112.11732455930981
928,276 Bush Rd,sold,120483,4,1,1325,33.5813814132693,-111.94004685002932
929,466 Franklin Vis,active,223167,4,3,2059,33.374278803728515,-112.35190411754735
930,365 2nd Blvd,sold,137381,3,3,2878,33.5815584445297,-111.92542613384518
931,227 4th St,active,270510,2,1,1991,33.529364916903695,-111.99533799327942
932,235 California Pl,sold,127636,5,1,2692,33.55580630033081,-112.27708255029953
933,429 1st St,active,227503,2,2,1895,33.478835458963204,-112.20594975795638
934,362 Pine Wl,active,197518,2,1,2241,33.50161731423633,-112.02610065204063
935,256 9th Rd,active,111854,3,1,2970,33.36998017268222,-112.22123047742069
936,468 Wall St,pending,177799,3,2,2911,33.4505752383241,-111.94706237501987
937,428 5th Wl,active,225964,4,1,1972,33.55320373639378,-111.9311951340338
938,234 1st St,pending,105366,5,1,2957,33.4099870005051,-112.30732413348801
939,415 Texas Dv,pending,215154,3,2,1810,33.58119564695495,-111.96922752316657
940,80 6th St,pending,250053,3,3,1714,33.38824729325578,-112.14292032214993
941,342 4th Trl,pending,279529,3,2,3856,33.449654667424554,-112.32889908776296
942,293 Pine Pl,pending,298199,4,1,1150,33.37561921904263,-112.01455731083314
943,54 3rd Dv,pending,280471,5,3,1171,33.55795036926695,-112.09679798856013
944,160 5th Rd,pending,154935,4,2,2034,33.42104600921937,-111.98041759316584
945,641 Texas Way,active,248179,4,3,2110,33.42376980380993,-112.32644476088859
946,719 Mission Blvd,pending,117122,5,1,3930,33.50621505675638,-112.26531843888968
947,496 Sutter Trl,active,106323,4,1,2122,33.367628879159355,-112.22624688392602
948,553 Euclid St,sold,178981,4,3,1641,33.5785266549317,-112.30840799355728
949,99 3rd Vis,active,286787,3,1,3291,33.40726432040864,-112.13619603770218
950,620 8th Pl,active,146818,4,2,1437,33.42598607183652,-112.35981626445006
951,479 5th Wl,sold,285817,5,1,2631,33.522155535788,-112.00825467502253
952,447 Franklin Dv,sold,110776,3,2,3789,33.38567506762175,-111.87426671268534
953,254 1st Pl,pending,193664,4,1,3614,33.381917525809385,-111.9122591824055
954,171 2nd Ave,sold,164908,5,2,3377,33.54719986921504,-112.22346076589282
955,754 Pine Way,pending,263999,5,3,3508,33.3608791998709,-112.24617354981159
956,672 Blake Rd,pending,113111,2,2,3042,33.40002206373166,-111.98102490000726
957,45 9th Pl,active,273277,2,2,1933,33.47490048152022,-111.96655461058441
958,41 Blake Ave,sold,186961,4,3,3101,33.48511001837702,-112.26999674852868
959,438 3rd Dv,sold,157900,3,1,2710,33.52570645397462,-112.18934091295563
960,140 8th Trl,pending,244904,2,1,1047,33.46336189950264,-112.208092673185
961,600 Wall Rd,active,103876,4,1,2581,33.50077249346513,-111.96861515739101
962,716 9th Wl,active,175096,2,1,3012,33.40058434513864,-111.88813390032696
963,225 Franklin Dv,pending,294807,3,3,3742,33.590227519295915,-111.98425593684256
964,355 Mission Dv,active,219170,5,2,2105,33.46428872500866,-111.88722712955078
965,443 California Trl,sold,249422,4,1,1964,33.539340891922656,-112.02937394405475
966,112 1st Ave,active,154052,2,2,1641,33.57180710448291,-111.97377793292131
967,673 Post Dv,active,127832,5,2,2463,33.39858426253558,-112.26530257577137
968,240 1st Vis,sold,191593,4,2,3067,33.49303475477154,-112.15052910833415
969,232 Wall Way,active,262447,3,2,3543,33.58640124139935,-112.26563481760917
970,601 Texas St,pending,155246,2,3,2941,33.36891184374154,-112.01138191348507
971,596 Wall Ave,active,201845,2,2,1483,33.43233756314716,-112.04412815446668
972,620 Mission Blvd,active,245152,3,2,3886,33.36741583846431,-112.21036047647009
973,703 9th Trl,active,282773,3,3,1604,33.41860044022524,-112.05366236294812
974,415 Blake Trl,pending,295846,2,1,3242,33.37441800609396,-111.88980797582204
975,85 7th Trl,pending,157040,3,3,1338,33.41441141791898,-112.07706536186006
976,278 Walnut Dv,active,111170,2,2,2981,33.386002691057925,-112.06905940266965
977,88 9th Rd,sold,136179,5,3,2762,33.59370532001184,-112.32977096793188
978,76 4th Vis,pending,192489,2,3,2304,33.562376435706746,-111.92822119562145
979,274 Walnut Vis,active,161044,2,2,1254,33.57776339762641,-112.06816813329553
980,48 Post Ave,active,242658,3,3,2268,33.40244339542807,-112.28975890276286
981,131 5th Blvd,pending,281489,3,2,1326,33.457498383194086,-112.27549784707348
982,213 Bush Rd,pending,155592,2,1,1287,33.452465262250456,-112.30788986382836
983,450 7th Trl,sold,132782,4,3,2305,33.580265197787,-112.00519465116324
984,427 Euclid Rd,sold,240756,2,3,1787,33.432687271142,-111.95380549592223
985,15 Indiana Vis,active,252019,5,2,2162,33.57124453766534,-112.09408185450495
986,520 Franklin St,active,297981,2,3,1507,33.57489723292271,-112.06321063837837
987,582 Turk Wl,sold,111577,4,1,1788,33.38232414391073,-112.06829277574307
988,646 Euclid Ave,pending,166838,3,3,3852,33.51650174722575,-112.2996090445313
989,652 Pine Cir,pending,149380,2,3,2794,33.367577378682505,-111.8788688671153
990,322 Bush Blvd,active,113873,2,1,3756,33.48506516996543,-112.26120405680298
991,357 1st Way,active,254138,5,3,2634,33.47474945532553,-111.88071502333224
992,338 Pine Cir,sold,260229,4,2,2399,33.44047543287955,-112.10444460268597
993,424 Post Trl,active,212081,2,1,1319,33.39003890544302,-112.23359028624053
994,576 Franklin Rd,active,137547,2,2,1481,33.448730276547586,-112.1088820670142
995,620 8th Cir,sold,273602,2,3,1396,33.416224909271406,-111.87321730198697
996,400 8th Wl,active,211928,4,3,3890,33.51396724079536,-112.29641173518934
997,244 Euclid Way,active,295911,5,2,2524,33.45046102701219,-112.29055394335973
998,782 4th Way,sold,123188,3,1,1150,33.57168475435265,-111.90404383623927
